{"inputUnits":[34],"outputUnits":2,"inputs":{"0":{"dtype":"number","min":231.98273716381883,"max":510.8386337547971},"1":{"dtype":"number","min":186.90764429044071,"max":360.8779385215357},"2":{"dtype":"number","min":251.3563998633193,"max":553.8976991292793},"3":{"dtype":"number","min":135.95262107328597,"max":303.9917453223037},"4":{"dtype":"number","min":183.89610840795564,"max":463.94685563055856},"5":{"dtype":"number","min":138.8922622561687,"max":296.3570970680281},"6":{"dtype":"number","min":300.3719146906981,"max":587.2355946323328},"7":{"dtype":"number","min":140.49250084057186,"max":351.43049987436035},"8":{"dtype":"number","min":133.87318810059546,"max":387.66006439982334},"9":{"dtype":"number","min":154.4205836245888,"max":347.78571532251306},"10":{"dtype":"number","min":249.58659805981966,"max":606.5366968820434},"11":{"dtype":"number","min":293.905821683114,"max":465.73853014970143},"12":{"dtype":"number","min":119.15456214146306,"max":322.01347127992506},"13":{"dtype":"number","min":274.67047678332113,"max":457.9983895285087},"14":{"dtype":"number","min":274.9287063568888,"max":639.697906018233},"15":{"dtype":"number","min":451.59674155549465,"max":564.2718351189388},"16":{"dtype":"number","min":31.47169265598349,"max":367.5175913314373},"17":{"dtype":"number","min":355.19322296796946,"max":558.5561453018039},"18":{"dtype":"number","min":253.50681416472494,"max":609.564721774869},"19":{"dtype":"number","min":407.7986130147417,"max":565.817662289268},"20":{"dtype":"number","min":59.507995181613495,"max":379.03009669357806},"21":{"dtype":"number","min":369.1884822733918,"max":561.3735581187941},"22":{"dtype":"number","min":214.19215628045808,"max":556.9684278105202},"23":{"dtype":"number","min":525.4104810569718,"max":569.4193974247685},"24":{"dtype":"number","min":142.45855082312985,"max":341.8674705460755},"25":{"dtype":"number","min":393.8810227303012,"max":564.2163532100923},"26":{"dtype":"number","min":194.47599712171052,"max":545.8595439472161},"27":{"dtype":"number","min":523.7823058011239,"max":559.7682734260782},"28":{"dtype":"number","min":152.15090448628624,"max":360.1394425776967},"29":{"dtype":"number","min":472.4656192415174,"max":556.4105934009217},"30":{"dtype":"number","min":178.5312575996503,"max":537.1646787409196},"31":{"dtype":"number","min":550.8147485446743,"max":564.3848042924966},"32":{"dtype":"number","min":155.07548638951707,"max":360.38662752445214},"33":{"dtype":"number","min":524.7576410542687,"max":563.5336740951092}},"outputs":{"0":{"dtype":"string","min":0,"max":1,"uniqueValues":["g","b"],"legend":{"g":[1,0],"b":[0,1]}}},"isNormalized":true}