{"inputUnits":[34],"outputUnits":2,"inputs":{"0":{"dtype":"number","min":35.48799511052479,"max":584.7065493935032},"1":{"dtype":"number","min":112.49733015807749,"max":494.9194835640533},"2":{"dtype":"number","min":128.9552113791423,"max":625.5695775796098},"3":{"dtype":"number","min":53.47854703490498,"max":442.04339516325535},"4":{"dtype":"number","min":15.266032079507035,"max":521.44607112654},"5":{"dtype":"number","min":48.70206241719205,"max":435.33985755132187},"6":{"dtype":"number","min":190.19028334589729,"max":666.0939855742872},"7":{"dtype":"number","min":69.15505927905701,"max":432.9187915943287},"8":{"dtype":"number","min":-25.07522196332846,"max":452.2485797725923},"9":{"dtype":"number","min":79.1590748242235,"max":454.331434521294},"10":{"dtype":"number","min":149.73505388226425,"max":651.1005281147203},"11":{"dtype":"number","min":284.0748899582534,"max":568.6768738149899},"12":{"dtype":"number","min":-7.415020145170869,"max":487.41733543589334},"13":{"dtype":"number","min":233.79071152001097,"max":564.5864166200276},"14":{"dtype":"number","min":157.76932298091418,"max":652.9208653619182},"15":{"dtype":"number","min":278.75963712993416,"max":570.770087586044},"16":{"dtype":"number","min":-13.023371110882675,"max":484.8398071051108},"17":{"dtype":"number","min":301.8797852514315,"max":569.1487523129111},"18":{"dtype":"number","min":100.02706486811647,"max":643.3187298096178},"19":{"dtype":"number","min":176.81268465216863,"max":565.630656162433},"20":{"dtype":"number","min":-0.8633294951381274,"max":529.9864294933296},"21":{"dtype":"number","min":225.73521307337353,"max":566.2305770189906},"22":{"dtype":"number","min":134.7940494767871,"max":616.4132917973033},"23":{"dtype":"number","min":477.7862538417645,"max":570.4448166042275},"24":{"dtype":"number","min":17.64885930289999,"max":499.5832380774425},"25":{"dtype":"number","min":483.47728587962956,"max":567.0552190888462},"26":{"dtype":"number","min":122.05890975268031,"max":598.1920104742514},"27":{"dtype":"number","min":492.56267346833874,"max":561.4962488958943},"28":{"dtype":"number","min":19.630335980688617,"max":503.7909143756472},"29":{"dtype":"number","min":525.8603113483034,"max":563.2820524992766},"30":{"dtype":"number","min":116.03142007749679,"max":594.455249927662},"31":{"dtype":"number","min":531.5910574334871,"max":563.4808590537623},"32":{"dtype":"number","min":16.081471582602337,"max":496.57302306177087},"33":{"dtype":"number","min":549.5219977603786,"max":565.7821494654605}},"outputs":{"0":{"dtype":"string","min":0,"max":1,"uniqueValues":["g","b"],"legend":{"g":[1,0],"b":[0,1]}}},"isNormalized":true}